[
  {
    "id": 1,
    "date": "01-12-2024",
    "user_id": 1,
    "product": {
      "product_id": 101,
      "product_name": "Smartphone",
      "type": "Electronics",
      "brand": "BrandA",
      "color": "Black",
      "notes": "Latest model with advanced features"
    },
    "category": 1,
    "price": 699.99,
    "has_promo": true,
    "discount": 10.0
  },
  {
    "id": 2,
    "date": "02-12-2024",
    "user_id": 2,
    "product": {
      "product_id": 102,
      "product_name": "Laptop",
      "type": "Electronics",
      "brand": "BrandB",
      "color": "Silver",
      "notes": "Lightweight and portable"
    },
    "category": 2,
    "price": 999.99,
    "has_promo": false,
    "discount": 0.0
  },
  {
    "id": 3,
    "date": "03-12-2024",
    "user_id": 1,
    "product": {
      "product_id": 103,
      "product_name": "Running Shoes",
      "type": "Sportswear",
      "brand": "BrandC",
      "color": "Blue",
      "notes": "Comfortable and durable"
    },
    "category": 3,
    "price": 120.0,
    "has_promo": true,
    "discount": 15.0
  },
  {
    "id": 4,
    "date": "04-12-2024",
    "user_id": 4,
    "product": {
      "product_id": 104,
      "product_name": "Watch",
      "type": "Accessories",
      "brand": "BrandD",
      "color": "Gold",
      "notes": "Elegant design for formal occasions"
    },
    "category": 4,
    "price": 250.0,
    "has_promo": false,
    "discount": 0.0
  },
  {
    "id": 5,
    "date": "05-12-2024",
    "user_id": 5,
    "product": {
      "product_id": 105,
      "product_name": "Backpack",
      "type": "Bags",
      "brand": "BrandE",
      "color": "Red",
      "notes": "Spacious and water-resistant"
    },
    "category": 5,
    "price": 75.0,
    "has_promo": true,
    "discount": 5.0
  },
  {
    "id": 6,
    "date": "06-12-2024",
    "user_id": 6,
    "product": {
      "product_id": 106,
      "product_name": "Headphones",
      "type": "Audio",
      "brand": "BrandF",
      "color": "White",
      "notes": "Noise-canceling with high-quality sound"
    },
    "category": 6,
    "price": 150.0,
    "has_promo": true,
    "discount": 20.0
  },
  {
    "id": 7,
    "date": "07-12-2024",
    "user_id": 7,
    "product": {
      "product_id": 107,
      "product_name": "Tablet",
      "type": "Electronics",
      "brand": "BrandG",
      "color": "Gray",
      "notes": "Ideal for reading and streaming"
    },
    "category": 7,
    "price": 299.99,
    "has_promo": false,
    "discount": 0.0
  },
  {
    "id": 8,
    "date": "08-12-2024",
    "user_id": 8,
    "product": {
      "product_id": 108,
      "product_name": "Desk Chair",
      "type": "Furniture",
      "brand": "BrandH",
      "color": "Black",
      "notes": "Ergonomic design for comfort"
    },
    "category": 8,
    "price": 180.0,
    "has_promo": true,
    "discount": 10.0
  },
  {
    "id": 9,
    "date": "09-12-2024",
    "user_id": 9,
    "product": {
      "product_id": 109,
      "product_name": "Gaming Console",
      "type": "Electronics",
      "brand": "BrandI",
      "color": "White",
      "notes": "Next-gen gaming experience"
    },
    "category": 9,
    "price": 499.99,
    "has_promo": false,
    "discount": 0.0
  },
  {
    "id": 10,
    "date": "10-12-2024",
    "user_id": 10,
    "product": {
      "product_id": 110,
      "product_name": "Coffee Maker",
      "type": "Appliances",
      "brand": "BrandJ",
      "color": "Black",
      "notes": "Programmable with multiple settings"
    },
    "category": 10,
    "price": 89.99,
    "has_promo": true,
    "discount": 5.0
  }
]