{
	"info": {
		"_postman_id": "1dfc128d-198d-4f6f-8142-f09732d1ffe5",
		"name": "Sprint 1 - Grupo 8",
		"schema": "https://schema.getpostman.com/json/collection/v2.1.0/collection.json",
		"_exporter_id": "39943998"
	},
	"item": [
		{
			"name": "US0001 - Seguir a un usuario",
			"request": {
				"method": "POST",
				"header": [],
				"url": {
					"raw": "http://localhost:8080/users/:userId/follow/:userIdToFollow",
					"protocol": "http",
					"host": [
						"localhost"
					],
					"port": "8080",
					"path": [
						"users",
						":userId",
						"follow",
						":userIdToFollow"
					],
					"variable": [
						{
							"key": "userId",
							"value": "3"
						},
						{
							"key": "userIdToFollow",
							"value": "11"
						}
					]
				}
			},
			"response": [
				{
					"name": "200 - OK",
					"originalRequest": {
						"method": "POST",
						"header": [],
						"url": {
							"raw": "http://localhost:8080/users/:userId/follow/:userIdToFollow",
							"protocol": "http",
							"host": [
								"localhost"
							],
							"port": "8080",
							"path": [
								"users",
								":userId",
								"follow",
								":userIdToFollow"
							],
							"variable": [
								{
									"key": "userId",
									"value": "2"
								},
								{
									"key": "userIdToFollow",
									"value": "1"
								}
							]
						}
					},
					"status": "OK",
					"code": 200,
					"_postman_previewlanguage": "plain",
					"header": [
						{
							"key": "Content-Length",
							"value": "0"
						},
						{
							"key": "Date",
							"value": "Wed, 18 Dec 2024 18:31:38 GMT"
						},
						{
							"key": "Keep-Alive",
							"value": "timeout=60"
						},
						{
							"key": "Connection",
							"value": "keep-alive"
						}
					],
					"cookie": [],
					"body": null
				},
				{
					"name": "400 - El usuario no es vendedor",
					"originalRequest": {
						"method": "POST",
						"header": [],
						"url": {
							"raw": "http://localhost:8080/users/:userId/follow/:userIdToFollow",
							"protocol": "http",
							"host": [
								"localhost"
							],
							"port": "8080",
							"path": [
								"users",
								":userId",
								"follow",
								":userIdToFollow"
							],
							"variable": [
								{
									"key": "userId",
									"value": "3"
								},
								{
									"key": "userIdToFollow",
									"value": "2"
								}
							]
						}
					},
					"status": "Bad Request",
					"code": 400,
					"_postman_previewlanguage": "json",
					"header": [
						{
							"key": "Content-Type",
							"value": "application/json"
						},
						{
							"key": "Transfer-Encoding",
							"value": "chunked"
						},
						{
							"key": "Date",
							"value": "Wed, 18 Dec 2024 14:16:23 GMT"
						},
						{
							"key": "Connection",
							"value": "close"
						}
					],
					"cookie": [],
					"body": "{\n    \"message\": \"El usuario 2 no es un vendedor.\"\n}"
				},
				{
					"name": "404 - El usuario no existe",
					"originalRequest": {
						"method": "POST",
						"header": [],
						"url": {
							"raw": "http://localhost:8080/users/:userId/follow/:userIdToFollow",
							"protocol": "http",
							"host": [
								"localhost"
							],
							"port": "8080",
							"path": [
								"users",
								":userId",
								"follow",
								":userIdToFollow"
							],
							"variable": [
								{
									"key": "userId",
									"value": "3"
								},
								{
									"key": "userIdToFollow",
									"value": "11"
								}
							]
						}
					},
					"status": "Not Found",
					"code": 404,
					"_postman_previewlanguage": "json",
					"header": [
						{
							"key": "Content-Type",
							"value": "application/json"
						},
						{
							"key": "Transfer-Encoding",
							"value": "chunked"
						},
						{
							"key": "Date",
							"value": "Wed, 18 Dec 2024 14:16:58 GMT"
						},
						{
							"key": "Keep-Alive",
							"value": "timeout=60"
						},
						{
							"key": "Connection",
							"value": "keep-alive"
						}
					],
					"cookie": [],
					"body": "{\n    \"message\": \"No existe el usuario 11\"\n}"
				}
			]
		},
		{
			"name": "US0002 - Contar los seguidores de un vendedor",
			"request": {
				"method": "GET",
				"header": [],
				"url": {
					"raw": "http://localhost:8080/users/:userId/followers/count",
					"protocol": "http",
					"host": [
						"localhost"
					],
					"port": "8080",
					"path": [
						"users",
						":userId",
						"followers",
						"count"
					],
					"variable": [
						{
							"key": "userId",
							"value": "11"
						}
					]
				}
			},
			"response": [
				{
					"name": "200 - OK",
					"originalRequest": {
						"method": "GET",
						"header": [],
						"url": {
							"raw": "http://localhost:8080/users/:userId/followers/count",
							"protocol": "http",
							"host": [
								"localhost"
							],
							"port": "8080",
							"path": [
								"users",
								":userId",
								"followers",
								"count"
							],
							"variable": [
								{
									"key": "userId",
									"value": "1"
								}
							]
						}
					},
					"status": "OK",
					"code": 200,
					"_postman_previewlanguage": "json",
					"header": [
						{
							"key": "Content-Type",
							"value": "application/json"
						},
						{
							"key": "Transfer-Encoding",
							"value": "chunked"
						},
						{
							"key": "Date",
							"value": "Wed, 18 Dec 2024 14:18:55 GMT"
						},
						{
							"key": "Keep-Alive",
							"value": "timeout=60"
						},
						{
							"key": "Connection",
							"value": "keep-alive"
						}
					],
					"cookie": [],
					"body": "{\n    \"user_id\": 1,\n    \"user_name\": \"John Doe\",\n    \"followers_count\": 2\n}"
				},
				{
					"name": "400 - Error controlado",
					"originalRequest": {
						"method": "GET",
						"header": [],
						"url": {
							"raw": "http://localhost:8080/users/:userId/followers/count",
							"protocol": "http",
							"host": [
								"localhost"
							],
							"port": "8080",
							"path": [
								"users",
								":userId",
								"followers",
								"count"
							],
							"variable": [
								{
									"key": "userId",
									"value": "11"
								}
							]
						}
					},
					"status": "Bad Request",
					"code": 400,
					"_postman_previewlanguage": "json",
					"header": [
						{
							"key": "Content-Type",
							"value": "application/json"
						},
						{
							"key": "Transfer-Encoding",
							"value": "chunked"
						},
						{
							"key": "Date",
							"value": "Wed, 18 Dec 2024 14:17:32 GMT"
						},
						{
							"key": "Connection",
							"value": "close"
						}
					],
					"cookie": [],
					"body": "{\n    \"message\": \"Ha ocurrido un error\"\n}"
				}
			]
		},
		{
			"name": "US0003 - Listar seguidores de usuario",
			"request": {
				"method": "GET",
				"header": [],
				"url": {
					"raw": "http://localhost:8080/users/:userId/followers/list",
					"protocol": "http",
					"host": [
						"localhost"
					],
					"port": "8080",
					"path": [
						"users",
						":userId",
						"followers",
						"list"
					],
					"variable": [
						{
							"key": "userId",
							"value": "11"
						}
					]
				}
			},
			"response": [
				{
					"name": "200 - OK",
					"originalRequest": {
						"method": "GET",
						"header": [],
						"url": {
							"raw": "http://localhost:8080/users/:userId/followers/list",
							"protocol": "http",
							"host": [
								"localhost"
							],
							"port": "8080",
							"path": [
								"users",
								":userId",
								"followers",
								"list"
							],
							"variable": [
								{
									"key": "userId",
									"value": "1"
								}
							]
						}
					},
					"status": "OK",
					"code": 200,
					"_postman_previewlanguage": "json",
					"header": [
						{
							"key": "Content-Type",
							"value": "application/json"
						},
						{
							"key": "Transfer-Encoding",
							"value": "chunked"
						},
						{
							"key": "Date",
							"value": "Wed, 18 Dec 2024 14:19:22 GMT"
						},
						{
							"key": "Keep-Alive",
							"value": "timeout=60"
						},
						{
							"key": "Connection",
							"value": "keep-alive"
						}
					],
					"cookie": [],
					"body": "{\n    \"followers\": [\n        {\n            \"user_id\": 2,\n            \"user_name\": \"Jane Smith\"\n        },\n        {\n            \"user_id\": 4,\n            \"user_name\": \"Bob Brown\"\n        }\n    ],\n    \"user_id\": 1,\n    \"user_name\": \"John Doe\"\n}"
				},
				{
					"name": "404 - El usuario no existe",
					"originalRequest": {
						"method": "GET",
						"header": [],
						"url": {
							"raw": "http://localhost:8080/users/:userId/followers/list",
							"protocol": "http",
							"host": [
								"localhost"
							],
							"port": "8080",
							"path": [
								"users",
								":userId",
								"followers",
								"list"
							],
							"variable": [
								{
									"key": "userId",
									"value": "11"
								}
							]
						}
					},
					"status": "Not Found",
					"code": 404,
					"_postman_previewlanguage": "json",
					"header": [
						{
							"key": "Content-Type",
							"value": "application/json"
						},
						{
							"key": "Transfer-Encoding",
							"value": "chunked"
						},
						{
							"key": "Date",
							"value": "Wed, 18 Dec 2024 14:18:11 GMT"
						},
						{
							"key": "Keep-Alive",
							"value": "timeout=60"
						},
						{
							"key": "Connection",
							"value": "keep-alive"
						}
					],
					"cookie": [],
					"body": "{\n    \"message\": \"No existe el usuario 11\"\n}"
				}
			]
		},
		{
			"name": "US0004 - Listar seguidos de un usuario",
			"request": {
				"method": "GET",
				"header": [],
				"url": {
					"raw": "http://localhost:8080/users/:userId/followed/list",
					"protocol": "http",
					"host": [
						"localhost"
					],
					"port": "8080",
					"path": [
						"users",
						":userId",
						"followed",
						"list"
					],
					"variable": [
						{
							"key": "userId",
							"value": "11"
						}
					]
				}
			},
			"response": [
				{
					"name": "200 - OK",
					"originalRequest": {
						"method": "GET",
						"header": [],
						"url": {
							"raw": "http://localhost:8080/users/:userId/followed/list",
							"protocol": "http",
							"host": [
								"localhost"
							],
							"port": "8080",
							"path": [
								"users",
								":userId",
								"followed",
								"list"
							],
							"variable": [
								{
									"key": "userId",
									"value": "2"
								}
							]
						}
					},
					"status": "OK",
					"code": 200,
					"_postman_previewlanguage": "json",
					"header": [
						{
							"key": "Content-Type",
							"value": "application/json"
						},
						{
							"key": "Transfer-Encoding",
							"value": "chunked"
						},
						{
							"key": "Date",
							"value": "Wed, 18 Dec 2024 14:20:25 GMT"
						},
						{
							"key": "Keep-Alive",
							"value": "timeout=60"
						},
						{
							"key": "Connection",
							"value": "keep-alive"
						}
					],
					"cookie": [],
					"body": "{\n    \"followed\": [\n        {\n            \"user_id\": 1,\n            \"user_name\": \"John Doe\"\n        },\n        {\n            \"user_id\": 9,\n            \"user_name\": \"Henry Martinez\"\n        }\n    ],\n    \"user_id\": 2,\n    \"user_name\": \"Jane Smith\"\n}"
				},
				{
					"name": "404 - El usuario no existe",
					"originalRequest": {
						"method": "GET",
						"header": [],
						"url": {
							"raw": "http://localhost:8080/users/:userId/followed/list",
							"protocol": "http",
							"host": [
								"localhost"
							],
							"port": "8080",
							"path": [
								"users",
								":userId",
								"followed",
								"list"
							],
							"variable": [
								{
									"key": "userId",
									"value": "11"
								}
							]
						}
					},
					"status": "Not Found",
					"code": 404,
					"_postman_previewlanguage": "json",
					"header": [
						{
							"key": "Content-Type",
							"value": "application/json"
						},
						{
							"key": "Transfer-Encoding",
							"value": "chunked"
						},
						{
							"key": "Date",
							"value": "Wed, 18 Dec 2024 14:20:37 GMT"
						},
						{
							"key": "Keep-Alive",
							"value": "timeout=60"
						},
						{
							"key": "Connection",
							"value": "keep-alive"
						}
					],
					"cookie": [],
					"body": "{\n    \"message\": \"No existe el usuario 11\"\n}"
				}
			]
		},
		{
			"name": "US0005 - Crear una publicación",
			"request": {
				"method": "POST",
				"header": [],
				"body": {
					"mode": "raw",
					"raw": "{\n    \"user_id\": 1,\n    \"date\": \"18-12-2024\",\n    \"product\": {\n        \"product_id\": 1,\n        \"product_name\": \"Silla Gamer\",\n        \"type\": \"Gamer\",\n        \"brand\": \"Racer\",\n        \"color\": \"Red & Black\",\n        \"notes\": \"Special Edition\"\n    },\n    \"category\": 100,\n    \"price\": 1500.50\n}",
					"options": {
						"raw": {
							"language": "json"
						}
					}
				},
				"url": {
					"raw": "http://localhost:8080/products/post",
					"protocol": "http",
					"host": [
						"localhost"
					],
					"port": "8080",
					"path": [
						"products",
						"post"
					]
				}
			},
			"response": [
				{
					"name": "200 - OK",
					"originalRequest": {
						"method": "POST",
						"header": [],
						"body": {
							"mode": "raw",
							"raw": "{\n    \"user_id\": 1,\n    \"date\": \"18-12-2024\",\n    \"product\": {\n        \"product_id\": 1,\n        \"product_name\": \"Silla Gamer\",\n        \"type\": \"Gamer\",\n        \"brand\": \"Racer\",\n        \"color\": \"Red & Black\",\n        \"notes\": \"Special Edition\"\n    },\n    \"category\": 100,\n    \"price\": 1500.50\n}",
							"options": {
								"raw": {
									"language": "json"
								}
							}
						},
						"url": {
							"raw": "http://localhost:8080/products/post",
							"protocol": "http",
							"host": [
								"localhost"
							],
							"port": "8080",
							"path": [
								"products",
								"post"
							]
						}
					},
					"status": "OK",
					"code": 200,
					"_postman_previewlanguage": "plain",
					"header": [
						{
							"key": "Content-Type",
							"value": "text/plain;charset=UTF-8"
						},
						{
							"key": "Content-Length",
							"value": "7"
						},
						{
							"key": "Date",
							"value": "Wed, 18 Dec 2024 14:21:12 GMT"
						},
						{
							"key": "Keep-Alive",
							"value": "timeout=60"
						},
						{
							"key": "Connection",
							"value": "keep-alive"
						}
					],
					"cookie": [],
					"body": "todo OK"
				}
			]
		},
		{
			"name": "US0006 - Listar últimas publicaciones por vendedores seguidos",
			"request": {
				"method": "GET",
				"header": [],
				"url": {
					"raw": "http://localhost:8080/products/followed/:userId/list",
					"protocol": "http",
					"host": [
						"localhost"
					],
					"port": "8080",
					"path": [
						"products",
						"followed",
						":userId",
						"list"
					],
					"variable": [
						{
							"key": "userId",
							"value": "2"
						}
					]
				}
			},
			"response": [
				{
					"name": "200 - OK",
					"originalRequest": {
						"method": "GET",
						"header": [],
						"url": {
							"raw": "http://localhost:8080/products/followed/:userId/list",
							"protocol": "http",
							"host": [
								"localhost"
							],
							"port": "8080",
							"path": [
								"products",
								"followed",
								":userId",
								"list"
							],
							"variable": [
								{
									"key": "userId",
									"value": "2"
								}
							]
						}
					},
					"status": "OK",
					"code": 200,
					"_postman_previewlanguage": "json",
					"header": [
						{
							"key": "Content-Type",
							"value": "application/json"
						},
						{
							"key": "Transfer-Encoding",
							"value": "chunked"
						},
						{
							"key": "Date",
							"value": "Wed, 18 Dec 2024 18:39:41 GMT"
						},
						{
							"key": "Keep-Alive",
							"value": "timeout=60"
						},
						{
							"key": "Connection",
							"value": "keep-alive"
						}
					],
					"cookie": [],
					"body": "{\n    \"posts\": [\n        {\n            \"date\": \"09-12-2024\",\n            \"product\": {\n                \"type\": \"Electronics\",\n                \"brand\": \"BrandI\",\n                \"color\": \"White\",\n                \"notes\": \"Next-gen gaming experience\",\n                \"product_id\": 109,\n                \"product_name\": \"Gaming Console\"\n            },\n            \"category\": 9,\n            \"price\": 499.99,\n            \"post_id\": 9,\n            \"user_id\": 9\n        }\n    ],\n    \"user_id\": 2\n}"
				}
			]
		},
		{
			"name": "US0007 - Dejar de seguir a un usuario",
			"request": {
				"method": "POST",
				"header": [],
				"url": {
					"raw": "http://localhost:8080/users/:userId/unfollow/:userIdToUnfollow",
					"protocol": "http",
					"host": [
						"localhost"
					],
					"port": "8080",
					"path": [
						"users",
						":userId",
						"unfollow",
						":userIdToUnfollow"
					],
					"variable": [
						{
							"key": "userId",
							"value": "2"
						},
						{
							"key": "userIdToUnfollow",
							"value": "11"
						}
					]
				}
			},
			"response": [
				{
					"name": "200 - OK",
					"originalRequest": {
						"method": "POST",
						"header": [],
						"url": {
							"raw": "http://localhost:8080/users/:userId/unfollow/:userIdToUnfollow",
							"protocol": "http",
							"host": [
								"localhost"
							],
							"port": "8080",
							"path": [
								"users",
								":userId",
								"unfollow",
								":userIdToUnfollow"
							],
							"variable": [
								{
									"key": "userId",
									"value": "2"
								},
								{
									"key": "userIdToUnfollow",
									"value": "1"
								}
							]
						}
					},
					"status": "OK",
					"code": 200,
					"_postman_previewlanguage": "json",
					"header": [
						{
							"key": "Content-Type",
							"value": "application/json"
						},
						{
							"key": "Transfer-Encoding",
							"value": "chunked"
						},
						{
							"key": "Date",
							"value": "Wed, 18 Dec 2024 14:22:02 GMT"
						},
						{
							"key": "Keep-Alive",
							"value": "timeout=60"
						},
						{
							"key": "Connection",
							"value": "keep-alive"
						}
					],
					"cookie": [],
					"body": "{\n    \"message\": \"Se ha dejado de seguir al usuario 1\"\n}"
				},
				{
					"name": "404 - No se sigue al usuario",
					"originalRequest": {
						"method": "POST",
						"header": [],
						"url": {
							"raw": "http://localhost:8080/users/:userId/unfollow/:userIdToUnfollow",
							"protocol": "http",
							"host": [
								"localhost"
							],
							"port": "8080",
							"path": [
								"users",
								":userId",
								"unfollow",
								":userIdToUnfollow"
							],
							"variable": [
								{
									"key": "userId",
									"value": "2"
								},
								{
									"key": "userIdToUnfollow",
									"value": "11"
								}
							]
						}
					},
					"status": "Not Found",
					"code": 404,
					"_postman_previewlanguage": "json",
					"header": [
						{
							"key": "Content-Type",
							"value": "application/json"
						},
						{
							"key": "Transfer-Encoding",
							"value": "chunked"
						},
						{
							"key": "Date",
							"value": "Wed, 18 Dec 2024 14:22:12 GMT"
						},
						{
							"key": "Keep-Alive",
							"value": "timeout=60"
						},
						{
							"key": "Connection",
							"value": "keep-alive"
						}
					],
					"cookie": [],
					"body": "{\n    \"message\": \"No estas siguiendo al usuario 11\"\n}"
				}
			]
		},
		{
			"name": "US0008 - Ordenar por nombre asc y desc",
			"request": {
				"method": "GET",
				"header": [],
				"url": {
					"raw": "http://localhost:8080/users/:userId/followers/list?order=orden_no_valido",
					"protocol": "http",
					"host": [
						"localhost"
					],
					"port": "8080",
					"path": [
						"users",
						":userId",
						"followers",
						"list"
					],
					"query": [
						{
							"key": "order",
							"value": "orden_no_valido"
						}
					],
					"variable": [
						{
							"key": "userId",
							"value": "3"
						}
					]
				}
			},
			"response": [
				{
					"name": "200 - Se ordena descendente (followed)",
					"originalRequest": {
						"method": "GET",
						"header": [],
						"url": {
							"raw": "http://localhost:8080/users/:userId/followed/list?order=name_desc",
							"protocol": "http",
							"host": [
								"localhost"
							],
							"port": "8080",
							"path": [
								"users",
								":userId",
								"followed",
								"list"
							],
							"query": [
								{
									"key": "order",
									"value": "name_desc"
								}
							],
							"variable": [
								{
									"key": "userId",
									"value": "2"
								}
							]
						}
					},
					"status": "OK",
					"code": 200,
					"_postman_previewlanguage": "json",
					"header": [
						{
							"key": "Content-Type",
							"value": "application/json"
						},
						{
							"key": "Transfer-Encoding",
							"value": "chunked"
						},
						{
							"key": "Date",
							"value": "Wed, 18 Dec 2024 14:31:34 GMT"
						},
						{
							"key": "Keep-Alive",
							"value": "timeout=60"
						},
						{
							"key": "Connection",
							"value": "keep-alive"
						}
					],
					"cookie": [],
					"body": "{\n    \"followed\": [\n        {\n            \"user_id\": 1,\n            \"user_name\": \"John Doe\"\n        },\n        {\n            \"user_id\": 9,\n            \"user_name\": \"Henry Martinez\"\n        }\n    ],\n    \"user_id\": 2,\n    \"user_name\": \"Jane Smith\"\n}"
				},
				{
					"name": "200 - Se ordena ascendente (followers)",
					"originalRequest": {
						"method": "GET",
						"header": [],
						"url": {
							"raw": "http://localhost:8080/users/:userId/followers/list?order=name_asc",
							"protocol": "http",
							"host": [
								"localhost"
							],
							"port": "8080",
							"path": [
								"users",
								":userId",
								"followers",
								"list"
							],
							"query": [
								{
									"key": "order",
									"value": "name_asc"
								}
							],
							"variable": [
								{
									"key": "userId",
									"value": "3"
								}
							]
						}
					},
					"status": "OK",
					"code": 200,
					"_postman_previewlanguage": "json",
					"header": [
						{
							"key": "Content-Type",
							"value": "application/json"
						},
						{
							"key": "Transfer-Encoding",
							"value": "chunked"
						},
						{
							"key": "Date",
							"value": "Wed, 18 Dec 2024 14:23:03 GMT"
						},
						{
							"key": "Keep-Alive",
							"value": "timeout=60"
						},
						{
							"key": "Connection",
							"value": "keep-alive"
						}
					],
					"cookie": [],
					"body": "{\n    \"followers\": [\n        {\n            \"user_id\": 4,\n            \"user_name\": \"Bob Brown\"\n        },\n        {\n            \"user_id\": 6,\n            \"user_name\": \"Diana Evans\"\n        }\n    ],\n    \"user_id\": 3,\n    \"user_name\": \"Alice Johnson\"\n}"
				},
				{
					"name": "400 - Orden no válido",
					"originalRequest": {
						"method": "GET",
						"header": [],
						"url": {
							"raw": "http://localhost:8080/users/:userId/followers/list?order=orden_no_valido",
							"protocol": "http",
							"host": [
								"localhost"
							],
							"port": "8080",
							"path": [
								"users",
								":userId",
								"followers",
								"list"
							],
							"query": [
								{
									"key": "order",
									"value": "orden_no_valido"
								}
							],
							"variable": [
								{
									"key": "userId",
									"value": "3"
								}
							]
						}
					},
					"status": "Bad Request",
					"code": 400,
					"_postman_previewlanguage": "json",
					"header": [
						{
							"key": "Content-Type",
							"value": "application/json"
						},
						{
							"key": "Transfer-Encoding",
							"value": "chunked"
						},
						{
							"key": "Date",
							"value": "Wed, 18 Dec 2024 14:30:51 GMT"
						},
						{
							"key": "Connection",
							"value": "close"
						}
					],
					"cookie": [],
					"body": "{\n    \"message\": \"El orden requerido no es valido.\"\n}"
				}
			]
		},
		{
			"name": "US0009 - Ordenar por fecha asc y desc",
			"request": {
				"method": "GET",
				"header": [],
				"url": {
					"raw": "http://localhost:8080/products/followed/:userId/list?order=date_asc",
					"protocol": "http",
					"host": [
						"localhost"
					],
					"port": "8080",
					"path": [
						"products",
						"followed",
						":userId",
						"list"
					],
					"query": [
						{
							"key": "order",
							"value": "date_asc"
						}
					],
					"variable": [
						{
							"key": "userId",
							"value": "8"
						}
					]
				}
			},
			"response": [
				{
					"name": "200 - Se ordena descendente",
					"originalRequest": {
						"method": "GET",
						"header": [],
						"url": {
							"raw": "http://localhost:8080/products/followed/:userId/list?order=date_desc",
							"protocol": "http",
							"host": [
								"localhost"
							],
							"port": "8080",
							"path": [
								"products",
								"followed",
								":userId",
								"list"
							],
							"query": [
								{
									"key": "order",
									"value": "date_desc"
								}
							],
							"variable": [
								{
									"key": "userId",
									"value": "8"
								}
							]
						}
					},
					"status": "OK",
					"code": 200,
					"_postman_previewlanguage": "json",
					"header": [
						{
							"key": "Content-Type",
							"value": "application/json"
						},
						{
							"key": "Transfer-Encoding",
							"value": "chunked"
						},
						{
							"key": "Date",
							"value": "Wed, 18 Dec 2024 14:25:09 GMT"
						},
						{
							"key": "Keep-Alive",
							"value": "timeout=60"
						},
						{
							"key": "Connection",
							"value": "keep-alive"
						}
					],
					"cookie": [],
					"body": "{\n    \"posts\": [\n        {\n            \"id\": 7,\n            \"date\": \"07-12-2024\",\n            \"product\": {\n                \"type\": \"Electronics\",\n                \"brand\": \"BrandG\",\n                \"color\": \"Gray\",\n                \"notes\": \"Ideal for reading and streaming\",\n                \"product_id\": 107,\n                \"product_name\": \"Tablet\"\n            },\n            \"category\": 7,\n            \"price\": 299.99,\n            \"user_id\": 7\n        },\n        {\n            \"id\": 5,\n            \"date\": \"05-12-2024\",\n            \"product\": {\n                \"type\": \"Bags\",\n                \"brand\": \"BrandE\",\n                \"color\": \"Red\",\n                \"notes\": \"Spacious and water-resistant\",\n                \"product_id\": 105,\n                \"product_name\": \"Backpack\"\n            },\n            \"category\": 5,\n            \"price\": 75,\n            \"user_id\": 5\n        }\n    ],\n    \"user_id\": 8\n}"
				},
				{
					"name": "200 - Se ordena ascendente",
					"originalRequest": {
						"method": "GET",
						"header": [],
						"url": {
							"raw": "http://localhost:8080/products/followed/:userId/list?order=date_asc",
							"protocol": "http",
							"host": [
								"localhost"
							],
							"port": "8080",
							"path": [
								"products",
								"followed",
								":userId",
								"list"
							],
							"query": [
								{
									"key": "order",
									"value": "date_asc"
								}
							],
							"variable": [
								{
									"key": "userId",
									"value": "8"
								}
							]
						}
					},
					"status": "OK",
					"code": 200,
					"_postman_previewlanguage": "json",
					"header": [
						{
							"key": "Content-Type",
							"value": "application/json"
						},
						{
							"key": "Transfer-Encoding",
							"value": "chunked"
						},
						{
							"key": "Date",
							"value": "Wed, 18 Dec 2024 14:25:28 GMT"
						},
						{
							"key": "Keep-Alive",
							"value": "timeout=60"
						},
						{
							"key": "Connection",
							"value": "keep-alive"
						}
					],
					"cookie": [],
					"body": "{\n    \"posts\": [\n        {\n            \"id\": 5,\n            \"date\": \"05-12-2024\",\n            \"product\": {\n                \"type\": \"Bags\",\n                \"brand\": \"BrandE\",\n                \"color\": \"Red\",\n                \"notes\": \"Spacious and water-resistant\",\n                \"product_id\": 105,\n                \"product_name\": \"Backpack\"\n            },\n            \"category\": 5,\n            \"price\": 75,\n            \"user_id\": 5\n        },\n        {\n            \"id\": 7,\n            \"date\": \"07-12-2024\",\n            \"product\": {\n                \"type\": \"Electronics\",\n                \"brand\": \"BrandG\",\n                \"color\": \"Gray\",\n                \"notes\": \"Ideal for reading and streaming\",\n                \"product_id\": 107,\n                \"product_name\": \"Tablet\"\n            },\n            \"category\": 7,\n            \"price\": 299.99,\n            \"user_id\": 7\n        }\n    ],\n    \"user_id\": 8\n}"
				}
			]
		},
		{
			"name": "US0010 - Crear un producto en promoción",
			"request": {
				"method": "POST",
				"header": [],
				"body": {
					"mode": "raw",
					"raw": "{\n    \"user_id\": 9,\n    \"date\": \"16-12-2024\",\n    \"product\": {\n        \"product_id\": 1,\n        \"product_name\": \"Silla Gamer\",\n        \"type\": \"Gamer\",\n        \"brand\": \"Racer\",\n        \"color\": \"Red & Black\",\n        \"notes\": \"Special Edition\"\n    },\n    \"category\": 100,\n    \"price\": 1500.50,\n    \"has_promo\": true,\n    \"discount\": 0.25\n}",
					"options": {
						"raw": {
							"language": "json"
						}
					}
				},
				"url": {
					"raw": "http://localhost:8080/products/promo-post",
					"protocol": "http",
					"host": [
						"localhost"
					],
					"port": "8080",
					"path": [
						"products",
						"promo-post"
					]
				}
			},
			"response": [
				{
					"name": "200 - OK",
					"originalRequest": {
						"method": "POST",
						"header": [],
						"body": {
							"mode": "raw",
							"raw": "{\n    \"user_id\": 9,\n    \"date\": \"16-12-2024\",\n    \"product\": {\n        \"product_id\": 1,\n        \"product_name\": \"Silla Gamer\",\n        \"type\": \"Gamer\",\n        \"brand\": \"Racer\",\n        \"color\": \"Red & Black\",\n        \"notes\": \"Special Edition\"\n    },\n    \"category\": 100,\n    \"price\": 1500.50,\n    \"has_promo\": true,\n    \"discount\": 0.25\n}",
							"options": {
								"raw": {
									"language": "json"
								}
							}
						},
						"url": {
							"raw": "http://localhost:8080/products/promo-post",
							"protocol": "http",
							"host": [
								"localhost"
							],
							"port": "8080",
							"path": [
								"products",
								"promo-post"
							]
						}
					},
					"status": "OK",
					"code": 200,
					"_postman_previewlanguage": "plain",
					"header": [
						{
							"key": "Content-Type",
							"value": "text/plain;charset=UTF-8"
						},
						{
							"key": "Content-Length",
							"value": "13"
						},
						{
							"key": "Date",
							"value": "Wed, 18 Dec 2024 14:25:48 GMT"
						},
						{
							"key": "Keep-Alive",
							"value": "timeout=60"
						},
						{
							"key": "Connection",
							"value": "keep-alive"
						}
					],
					"cookie": [],
					"body": "Post guardado"
				}
			]
		},
		{
			"name": "US0011 - Contar total de productos en oferta por vendedor",
			"request": {
				"method": "GET",
				"header": [],
				"url": {
					"raw": "http://localhost:8080/products/promo-post/count?user_id=1",
					"protocol": "http",
					"host": [
						"localhost"
					],
					"port": "8080",
					"path": [
						"products",
						"promo-post",
						"count"
					],
					"query": [
						{
							"key": "user_id",
							"value": "1"
						}
					]
				}
			},
			"response": [
				{
					"name": "200 - OK",
					"originalRequest": {
						"method": "GET",
						"header": [],
						"url": {
							"raw": "http://localhost:8080/products/promo-post/count?user_id=1",
							"protocol": "http",
							"host": [
								"localhost"
							],
							"port": "8080",
							"path": [
								"products",
								"promo-post",
								"count"
							],
							"query": [
								{
									"key": "user_id",
									"value": "1"
								}
							]
						}
					},
					"status": "OK",
					"code": 200,
					"_postman_previewlanguage": "json",
					"header": [
						{
							"key": "Content-Type",
							"value": "application/json"
						},
						{
							"key": "Transfer-Encoding",
							"value": "chunked"
						},
						{
							"key": "Date",
							"value": "Wed, 18 Dec 2024 14:26:01 GMT"
						},
						{
							"key": "Keep-Alive",
							"value": "timeout=60"
						},
						{
							"key": "Connection",
							"value": "keep-alive"
						}
					],
					"cookie": [],
					"body": "{\n    \"user_id\": 1,\n    \"user_name\": \"John Doe\",\n    \"promo_products_count\": 2\n}"
				},
				{
					"name": "404 - El usuario no existe",
					"originalRequest": {
						"method": "GET",
						"header": [],
						"url": {
							"raw": "http://localhost:8080/products/promo-post/count?user_id=11",
							"protocol": "http",
							"host": [
								"localhost"
							],
							"port": "8080",
							"path": [
								"products",
								"promo-post",
								"count"
							],
							"query": [
								{
									"key": "user_id",
									"value": "11"
								}
							]
						}
					},
					"status": "Not Found",
					"code": 404,
					"_postman_previewlanguage": "json",
					"header": [
						{
							"key": "Content-Type",
							"value": "application/json"
						},
						{
							"key": "Transfer-Encoding",
							"value": "chunked"
						},
						{
							"key": "Date",
							"value": "Wed, 18 Dec 2024 14:26:11 GMT"
						},
						{
							"key": "Keep-Alive",
							"value": "timeout=60"
						},
						{
							"key": "Connection",
							"value": "keep-alive"
						}
					],
					"cookie": [],
					"body": "{\n    \"message\": \"No existe el usuario 11\"\n}"
				}
			]
		},
		{
			"name": "US0012 - Obtener productos en promoción por vendedor",
			"request": {
				"method": "GET",
				"header": [],
				"url": {
					"raw": "http://localhost:8080/products/promo-post/list?user_id=11",
					"protocol": "http",
					"host": [
						"localhost"
					],
					"port": "8080",
					"path": [
						"products",
						"promo-post",
						"list"
					],
					"query": [
						{
							"key": "user_id",
							"value": "11"
						}
					]
				}
			},
			"response": [
				{
					"name": "200 - OK",
					"originalRequest": {
						"method": "GET",
						"header": [],
						"url": {
							"raw": "http://localhost:8080/products/promo-post/list?user_id=1",
							"protocol": "http",
							"host": [
								"localhost"
							],
							"port": "8080",
							"path": [
								"products",
								"promo-post",
								"list"
							],
							"query": [
								{
									"key": "user_id",
									"value": "1"
								}
							]
						}
					},
					"status": "OK",
					"code": 200,
					"_postman_previewlanguage": "json",
					"header": [
						{
							"key": "Content-Type",
							"value": "application/json"
						},
						{
							"key": "Transfer-Encoding",
							"value": "chunked"
						},
						{
							"key": "Date",
							"value": "Wed, 18 Dec 2024 14:26:39 GMT"
						},
						{
							"key": "Keep-Alive",
							"value": "timeout=60"
						},
						{
							"key": "Connection",
							"value": "keep-alive"
						}
					],
					"cookie": [],
					"body": "{\n    \"posts\": [\n        {\n            \"date\": \"01-12-2024\",\n            \"product\": {\n                \"type\": \"Electronics\",\n                \"brand\": \"BrandA\",\n                \"color\": \"Black\",\n                \"notes\": \"Latest model with advanced features\",\n                \"product_id\": 101,\n                \"product_name\": \"Smartphone\"\n            },\n            \"category\": 1,\n            \"price\": 699.99,\n            \"discount\": 10,\n            \"user_id\": 1,\n            \"post_id\": 1,\n            \"has_promo\": true\n        },\n        {\n            \"date\": \"03-12-2024\",\n            \"product\": {\n                \"type\": \"Sportswear\",\n                \"brand\": \"BrandC\",\n                \"color\": \"Blue\",\n                \"notes\": \"Comfortable and durable\",\n                \"product_id\": 103,\n                \"product_name\": \"Running Shoes\"\n            },\n            \"category\": 3,\n            \"price\": 120,\n            \"discount\": 15,\n            \"user_id\": 1,\n            \"post_id\": 3,\n            \"has_promo\": true\n        }\n    ],\n    \"user_id\": 1,\n    \"user_name\": \"John Doe\"\n}"
				},
				{
					"name": "404 - El usuario no existe",
					"originalRequest": {
						"method": "GET",
						"header": [],
						"url": {
							"raw": "http://localhost:8080/products/promo-post/list?user_id=11",
							"protocol": "http",
							"host": [
								"localhost"
							],
							"port": "8080",
							"path": [
								"products",
								"promo-post",
								"list"
							],
							"query": [
								{
									"key": "user_id",
									"value": "11"
								}
							]
						}
					},
					"status": "Not Found",
					"code": 404,
					"_postman_previewlanguage": "json",
					"header": [
						{
							"key": "Content-Type",
							"value": "application/json"
						},
						{
							"key": "Transfer-Encoding",
							"value": "chunked"
						},
						{
							"key": "Date",
							"value": "Wed, 18 Dec 2024 14:26:52 GMT"
						},
						{
							"key": "Keep-Alive",
							"value": "timeout=60"
						},
						{
							"key": "Connection",
							"value": "keep-alive"
						}
					],
					"cookie": [],
					"body": "{\n    \"message\": \"No existe el usuario 11\"\n}"
				}
			]
		},
		{
			"name": "US0013 - Listar promedio de descuentos por vendedor",
			"request": {
				"method": "GET",
				"header": [],
				"url": {
					"raw": "http://localhost:8080/users/average-promos",
					"protocol": "http",
					"host": [
						"localhost"
					],
					"port": "8080",
					"path": [
						"users",
						"average-promos"
					]
				}
			},
			"response": [
				{
					"name": "200 - OK",
					"originalRequest": {
						"method": "GET",
						"header": [],
						"url": {
							"raw": "http://localhost:8080/users/average-promos",
							"protocol": "http",
							"host": [
								"localhost"
							],
							"port": "8080",
							"path": [
								"users",
								"average-promos"
							]
						}
					},
					"status": "OK",
					"code": 200,
					"_postman_previewlanguage": "json",
					"header": [
						{
							"key": "Content-Type",
							"value": "application/json"
						},
						{
							"key": "Transfer-Encoding",
							"value": "chunked"
						},
						{
							"key": "Date",
							"value": "Wed, 18 Dec 2024 14:27:09 GMT"
						},
						{
							"key": "Keep-Alive",
							"value": "timeout=60"
						},
						{
							"key": "Connection",
							"value": "keep-alive"
						}
					],
					"cookie": [],
					"body": "[\n    {\n        \"user_id\": 1,\n        \"user_name\": \"John Doe\",\n        \"average_promo\": 12.5\n    },\n    {\n        \"user_id\": 5,\n        \"user_name\": \"Charlie Davis\",\n        \"average_promo\": 5\n    },\n    {\n        \"user_id\": 6,\n        \"user_name\": \"Diana Evans\",\n        \"average_promo\": 20\n    },\n    {\n        \"user_id\": 8,\n        \"user_name\": \"Grace Hall\",\n        \"average_promo\": 10\n    },\n    {\n        \"user_id\": 9,\n        \"user_name\": \"Henry Martinez\",\n        \"average_promo\": 0.25\n    },\n    {\n        \"user_id\": 10,\n        \"user_name\": \"Ivy Clark\",\n        \"average_promo\": 5\n    }\n]"
				},
				{
					"name": "204 - El vendedor más seguido no tiene posts",
					"originalRequest": {
						"method": "GET",
						"header": [],
						"url": {
							"raw": "http://localhost:8080/users/average-promos",
							"protocol": "http",
							"host": [
								"localhost"
							],
							"port": "8080",
							"path": [
								"users",
								"average-promos"
							]
						}
					},
					"status": "No Content",
					"code": 204,
					"_postman_previewlanguage": "json",
					"header": [
						{
							"key": "Content-Type",
							"value": "application/json"
						},
						{
							"key": "Date",
							"value": "Wed, 18 Dec 2024 14:34:34 GMT"
						},
						{
							"key": "Keep-Alive",
							"value": "timeout=60"
						},
						{
							"key": "Connection",
							"value": "keep-alive"
						}
					],
					"cookie": [],
					"body": null
				}
			]
		},
		{
			"name": "US0014 - Listar el vendedor más seguido y sus post activos",
			"request": {
				"method": "GET",
				"header": [],
				"url": {
					"raw": "http://localhost:8080/users/most-followed/posts",
					"protocol": "http",
					"host": [
						"localhost"
					],
					"port": "8080",
					"path": [
						"users",
						"most-followed",
						"posts"
					]
				}
			},
			"response": [
				{
					"name": "200 - OK",
					"originalRequest": {
						"method": "GET",
						"header": [],
						"url": {
							"raw": "http://localhost:8080/users/most-followed/posts",
							"protocol": "http",
							"host": [
								"localhost"
							],
							"port": "8080",
							"path": [
								"users",
								"most-followed",
								"posts"
							]
						}
					},
					"status": "OK",
					"code": 200,
					"_postman_previewlanguage": "json",
					"header": [
						{
							"key": "Content-Type",
							"value": "application/json"
						},
						{
							"key": "Transfer-Encoding",
							"value": "chunked"
						},
						{
							"key": "Date",
							"value": "Wed, 18 Dec 2024 15:17:50 GMT"
						},
						{
							"key": "Keep-Alive",
							"value": "timeout=60"
						},
						{
							"key": "Connection",
							"value": "keep-alive"
						}
					],
					"cookie": [],
					"body": "{\n    \"posts\": [\n        {\n            \"date\": \"01-12-2024\",\n            \"product\": {\n                \"type\": \"Electronics\",\n                \"brand\": \"BrandA\",\n                \"color\": \"Black\",\n                \"notes\": \"Latest model with advanced features\",\n                \"product_id\": 101,\n                \"product_name\": \"Smartphone\"\n            },\n            \"category\": 1,\n            \"price\": 699.99,\n            \"post_id\": 1,\n            \"user_id\": 1\n        },\n        {\n            \"date\": \"03-12-2024\",\n            \"product\": {\n                \"type\": \"Sportswear\",\n                \"brand\": \"BrandC\",\n                \"color\": \"Blue\",\n                \"notes\": \"Comfortable and durable\",\n                \"product_id\": 103,\n                \"product_name\": \"Running Shoes\"\n            },\n            \"category\": 3,\n            \"price\": 120,\n            \"post_id\": 3,\n            \"user_id\": 1\n        }\n    ],\n    \"user_id\": 1,\n    \"user_name\": \"John Doe\",\n    \"number_of_followers\": 2\n}"
				},
				{
					"name": "204 - El vendedor más seguido no tiene post",
					"originalRequest": {
						"method": "GET",
						"header": [],
						"url": {
							"raw": "http://localhost:8080/users/most-followed/posts",
							"protocol": "http",
							"host": [
								"localhost"
							],
							"port": "8080",
							"path": [
								"users",
								"most-followed",
								"posts"
							]
						}
					},
					"status": "No Content",
					"code": 204,
					"_postman_previewlanguage": "json",
					"header": [
						{
							"key": "Content-Type",
							"value": "application/json"
						},
						{
							"key": "Date",
							"value": "Wed, 18 Dec 2024 16:12:39 GMT"
						},
						{
							"key": "Keep-Alive",
							"value": "timeout=60"
						},
						{
							"key": "Connection",
							"value": "keep-alive"
						}
					],
					"cookie": [],
					"body": null
				}
			]
		}
	]
}